{
    "accuracy": 0.030006317119393555,
    "f1_score": 0.011516716625028236,
    "precision": 0.043417000456366005,
    "recall": 0.030006317119393555
}