{
    "accuracy": 0.9755211623499684,
    "f1_score": 0.9755971606241327,
    "precision": 0.9764969277374544,
    "recall": 0.9755211623499684
}